symbol,side,qty,entry_time,entry_price,exit_time,exit_price,gross_pnl_paise,costs_paise,net_pnl_paise,entry_reason,exit_reason
RELIANCE,LONG,35,2025-08-01 13:30:00+05:30,1404.3212,2025-08-01 15:15:00+05:30,1391.7823,-43886,6440,-50326,Supertrend flipped up,intraday square-off
HDFCBANK,SHORT,49,2025-08-01 09:30:00+05:30,1007.0978,2025-08-01 15:15:00+05:30,1006.1017,4881,6459,-1578,Supertrend flipped down,intraday square-off
TCS,LONG,16,2025-08-04 11:15:00+05:30,3022.9066,2025-08-04 13:00:00+05:30,3036.5403,21814,6432,15382,Supertrend flipped up,target
INFY,LONG,33,2025-08-04 14:00:00+05:30,1479.0436,2025-08-04 15:15:00+05:30,1480.0558,3340,6441,-3101,Supertrend flipped up,intraday square-off
RELIANCE,SHORT,35,2025-08-05 09:30:00+05:30,1400.0798,2025-08-05 13:00:00+05:30,1392.0515,28099,6446,21653,Supertrend flipped down,target
TCS,SHORT,16,2025-08-05 10:15:00+05:30,3050.7845,2025-08-05 15:15:00+05:30,3068.1202,-27737,6442,-34179,Supertrend flipped down,intraday square-off
ICICIBANK,LONG,34,2025-08-06 09:45:00+05:30,1452.4356,2025-08-06 15:15:00+05:30,1441.3675,-37632,6450,-44082,Supertrend flipped up,intraday square-off
HDFCBANK,LONG,50,2025-08-07 12:15:00+05:30,995.2985,2025-08-07 15:15:00+05:30,997.4007,10511,6478,4033,Supertrend flipped up,intraday square-off
RELIANCE,SHORT,36,2025-08-08 11:00:00+05:30,1372.0882,2025-08-08 15:15:00+05:30,1367.01,18282,6460,11822,Supertrend flipped down,intraday square-off
ICICIBANK,SHORT,34,2025-08-11 09:30:00+05:30,1429.471,2025-08-11 12:30:00+05:30,1422.3063,24360,6432,17928,Supertrend flipped down,target
RELIANCE,LONG,36,2025-08-11 14:15:00+05:30,1379.3137,2025-08-11 15:00:00+05:30,1387.3167,28811,6478,22333,Supertrend flipped up,target
HDFCBANK,LONG,50,2025-08-11 09:30:00+05:30,993.498,2025-08-11 15:00:00+05:30,998.2433,23727,6479,17248,Supertrend flipped up,target
TCS,SHORT,16,2025-08-11 09:30:00+05:30,3025.9919,2025-08-11 15:15:00+05:30,3040.912,-23872,6429,-30301,Supertrend flipped down,intraday square-off
HDFCBANK,SHORT,50,2025-08-12 11:15:00+05:30,989.1032,2025-08-12 15:00:00+05:30,984.6492,22270,6461,15809,Supertrend flipped down,target
RELIANCE,SHORT,36,2025-08-12 14:15:00+05:30,1380.3858,2025-08-12 15:15:00+05:30,1381.8144,-5143,6473,-11616,Supertrend flipped down,intraday square-off
ICICIBANK,SHORT,35,2025-08-12 11:00:00+05:30,1424.5725,2025-08-12 15:15:00+05:30,1421.8264,9611,6478,3133,Supertrend flipped down,intraday square-off
HDFCBANK,LONG,50,2025-08-13 14:15:00+05:30,991.3973,2025-08-13 15:15:00+05:30,990.1029,-6472,6465,-12937,Supertrend flipped up,intraday square-off
INFY,LONG,34,2025-08-14 09:30:00+05:30,1451.0352,2025-08-14 10:30:00+05:30,1459.9973,30471,6467,24004,Supertrend flipped up,target
ICICIBANK,LONG,34,2025-08-14 12:30:00+05:30,1429.4287,2025-08-14 15:15:00+05:30,1426.6719,-9373,6431,-15804,Supertrend flipped up,intraday square-off
RELIANCE,LONG,36,2025-08-18 09:30:00+05:30,1385.5155,2025-08-18 09:30:00+05:30,1393.3403,28169,6487,21682,Supertrend flipped up,target
HDFCBANK,SHORT,50,2025-08-18 12:30:00+05:30,998.9002,2025-08-18 15:15:00+05:30,1002.1005,-16001,6482,-22483,Supertrend flipped down,intraday square-off
ICICIBANK,SHORT,34,2025-08-18 12:15:00+05:30,1432.6701,2025-08-18 15:15:00+05:30,1434.4302,-5984,6438,-12422,Supertrend flipped down,intraday square-off
INFY,LONG,34,2025-08-19 11:45:00+05:30,1445.2334,2025-08-19 15:15:00+05:30,1439.468,-19602,6446,-26048,Supertrend flipped up,intraday square-off
TCS,LONG,16,2025-08-20 09:30:00+05:30,3028.9084,2025-08-20 09:30:00+05:30,3038.2209,14900,6432,8468,Supertrend flipped up,target
ICICIBANK,LONG,34,2025-08-21 09:30:00+05:30,1439.2316,2025-08-21 10:00:00+05:30,1445.0498,19782,6450,13332,Supertrend flipped up,target
HDFCBANK,LONG,50,2025-08-21 12:30:00+05:30,996.6989,2025-08-21 15:15:00+05:30,994.9014,-8987,6476,-15463,Supertrend flipped up,intraday square-off
TCS,SHORT,16,2025-08-22 09:30:00+05:30,3082.6749,2025-08-22 10:00:00+05:30,3066.7875,25420,6456,18964,Supertrend flipped down,target
RELIANCE,SHORT,35,2025-08-22 09:30:00+05:30,1416.175,2025-08-22 15:00:00+05:30,1409.265,24185,6464,17721,Supertrend flipped down,target
ICICIBANK,SHORT,34,2025-08-22 09:30:00+05:30,1434.4695,2025-08-22 15:15:00+05:30,1437.7312,-11090,6440,-17530,Supertrend flipped down,intraday square-off
TCS,LONG,16,2025-08-25 09:30:00+05:30,3111.9333,2025-08-25 09:45:00+05:30,3129.2112,27645,6484,21161,Supertrend flipped up,target
RELIANCE,LONG,35,2025-08-25 14:00:00+05:30,1418.3254,2025-08-25 15:15:00+05:30,1409.8769,-29570,6461,-36031,Supertrend flipped up,intraday square-off
HDFCBANK,LONG,50,2025-08-25 09:30:00+05:30,988.8966,2025-08-25 15:15:00+05:30,980.7057,-40954,6451,-47405,Supertrend flipped up,intraday square-off
INFY,SHORT,32,2025-08-26 12:15:00+05:30,1524.1426,2025-08-26 15:15:00+05:30,1528.2583,-13170,6440,-19610,Supertrend flipped down,intraday square-off
ICICIBANK,SHORT,35,2025-08-26 09:30:00+05:30,1416.5749,2025-08-26 15:15:00+05:30,1416.7249,-525,6467,-6992,Supertrend flipped down,intraday square-off
TCS,SHORT,16,2025-08-28 09:30:00+05:30,3117.8644,2025-08-28 15:00:00+05:30,3099.7357,29006,6476,22530,Supertrend flipped down,target
RELIANCE,SHORT,36,2025-08-29 14:30:00+05:30,1367.9895,2025-08-29 14:30:00+05:30,1355.5855,44654,6452,38202,Supertrend flipped down,target
TCS,LONG,16,2025-09-01 09:30:00+05:30,3117.9351,2025-09-01 15:15:00+05:30,3112.566,-8591,6477,-15068,Supertrend flipped up,intraday square-off
INFY,LONG,33,2025-09-01 09:30:00+05:30,1499.3497,2025-09-01 15:15:00+05:30,1498.7502,-1978,6462,-8440,Supertrend flipped up,intraday square-off
ICICIBANK,LONG,35,2025-09-01 13:00:00+05:30,1408.8225,2025-09-01 15:15:00+05:30,1411.2765,8589,6460,2129,Supertrend flipped up,intraday square-off
ICICIBANK,SHORT,35,2025-09-02 13:30:00+05:30,1402.1792,2025-09-02 13:45:00+05:30,1395.9908,21659,6449,15210,Supertrend flipped down,target
RELIANCE,LONG,36,2025-09-02 09:30:00+05:30,1374.1121,2025-09-02 14:15:00+05:30,1364.5905,-34278,6453,-40731,Supertrend flipped up,Supertrend flipped down
TCS,SHORT,16,2025-09-02 13:45:00+05:30,3124.1625,2025-09-02 14:15:00+05:30,3109.6423,23232,6481,16751,Supertrend flipped down,target
INFY,SHORT,33,2025-09-02 14:15:00+05:30,1495.9511,2025-09-02 15:15:00+05:30,1499.2496,-10885,6460,-17345,Supertrend flipped down,intraday square-off
HDFCBANK,LONG,52,2025-09-03 14:15:00+05:30,949.5848,2025-09-03 15:00:00+05:30,953.5702,20724,6466,14258,Supertrend flipped up,target
TCS,LONG,16,2025-09-04 10:00:00+05:30,3112.9336,2025-09-04 15:15:00+05:30,3094.2714,-29859,6467,-36326,Supertrend flipped up,intraday square-off
ICICIBANK,LONG,35,2025-09-04 09:30:00+05:30,1411.3233,2025-09-04 15:15:00+05:30,1404.4785,-23957,6454,-30411,Supertrend flipped up,intraday square-off
RELIANCE,LONG,36,2025-09-05 09:30:00+05:30,1370.1109,2025-09-05 14:00:00+05:30,1377.7816,27614,6465,21149,Supertrend flipped up,target
HDFCBANK,SHORT,52,2025-09-05 11:00:00+05:30,955.5133,2025-09-05 14:00:00+05:30,963.8391,-43294,6475,-49769,Supertrend flipped down,Supertrend flipped up
ICICIBANK,LONG,35,2025-09-05 14:30:00+05:30,1399.9198,2025-09-05 15:15:00+05:30,1401.1795,4409,6449,-2040,Supertrend flipped up,intraday square-off
TCS,LONG,16,2025-09-09 09:30:00+05:30,3041.4122,2025-09-09 09:30:00+05:30,3055.5601,22637,6442,16195,Supertrend flipped up,target
INFY,LONG,33,2025-09-09 09:30:00+05:30,1481.0442,2025-09-09 10:15:00+05:30,1493.9536,42601,6455,36146,Supertrend flipped up,target
RELIANCE,SHORT,36,2025-09-09 10:15:00+05:30,1373.4878,2025-09-09 15:15:00+05:30,1376.7129,-11610,6463,-18073,Supertrend flipped down,intraday square-off
ICICIBANK,SHORT,35,2025-09-09 10:15:00+05:30,1398.7802,2025-09-09 15:15:00+05:30,1404.3212,-19393,6446,-25839,Supertrend flipped down,intraday square-off
INFY,SHORT,32,2025-09-11 09:30:00+05:30,1516.5449,2025-09-11 15:00:00+05:30,1507.431,29165,6429,22736,Supertrend flipped down,target
HDFCBANK,LONG,51,2025-09-11 13:45:00+05:30,968.6905,2025-09-11 15:15:00+05:30,967.1098,-8062,6458,-14520,Supertrend flipped up,intraday square-off
ICICIBANK,LONG,35,2025-09-12 11:30:00+05:30,1411.4233,2025-09-12 13:45:00+05:30,1416.633,18234,6466,11768,Supertrend flipped up,target
TCS,SHORT,16,2025-09-15 09:30:00+05:30,3114.6653,2025-09-15 10:15:00+05:30,3104.4581,16332,6477,9855,Supertrend flipped down,target
INFY,SHORT,33,2025-09-15 09:30:00+05:30,1506.148,2025-09-15 15:15:00+05:30,1507.7522,-5294,6474,-11768,Supertrend flipped down,intraday square-off
TCS,LONG,16,2025-09-16 10:00:00+05:30,3125.3373,2025-09-16 12:30:00+05:30,3136.0198,17092,6488,10604,Supertrend flipped up,target
HDFCBANK,SHORT,51,2025-09-16 09:30:00+05:30,964.1607,2025-09-16 15:15:00+05:30,967.2401,-15705,6454,-22159,Supertrend flipped down,intraday square-off
HDFCBANK,SHORT,51,2025-09-17 14:00:00+05:30,966.0601,2025-09-17 15:15:00+05:30,966.89,-4232,6456,-10688,Supertrend flipped down,intraday square-off
ICICIBANK,LONG,35,2025-09-18 10:30:00+05:30,1425.8276,2025-09-18 14:30:00+05:30,1416.0436,-34244,6469,-40713,Supertrend flipped up,stop-loss
TCS,SHORT,15,2025-09-18 13:30:00+05:30,3168.4492,2025-09-18 15:15:00+05:30,3176.7527,-12455,6396,-18851,Supertrend flipped down,intraday square-off
HDFCBANK,SHORT,51,2025-09-19 10:00:00+05:30,969.809,2025-09-19 11:15:00+05:30,965.3893,22540,6462,16078,Supertrend flipped down,target
INFY,SHORT,32,2025-09-19 09:30:00+05:30,1531.5404,2025-09-19 12:00:00+05:30,1522.1281,30119,6446,23673,Supertrend flipped down,target
RELIANCE,SHORT,35,2025-09-19 09:45:00+05:30,1407.4776,2025-09-19 15:15:00+05:30,1406.7219,2645,6456,-3811,Supertrend flipped down,intraday square-off
ICICIBANK,LONG,35,2025-09-22 13:15:00+05:30,1409.8228,2025-09-22 14:30:00+05:30,1401.0833,-30588,6451,-37039,Supertrend flipped up,stop-loss
HDFCBANK,LONG,51,2025-09-22 09:30:00+05:30,970.441,2025-09-22 14:45:00+05:30,961.7215,-44470,6451,-50921,Supertrend flipped up,stop-loss
RELIANCE,LONG,35,2025-09-23 14:15:00+05:30,1392.5176,2025-09-23 15:15:00+05:30,1389.0832,-12021,6434,-18455,Supertrend flipped up,intraday square-off
INFY,LONG,33,2025-09-23 13:45:00+05:30,1505.8516,2025-09-23 15:15:00+05:30,1497.3507,-28053,6464,-34517,Supertrend flipped up,intraday square-off
ICICIBANK,LONG,35,2025-09-25 09:30:00+05:30,1390.1169,2025-09-25 10:15:00+05:30,1377.9334,-42642,6424,-49066,Supertrend flipped up,stop-loss
INFY,LONG,33,2025-09-25 09:30:00+05:30,1497.5491,2025-09-25 12:30:00+05:30,1485.356,-40237,6450,-46687,Supertrend flipped up,stop-loss
HDFCBANK,LONG,52,2025-09-25 10:00:00+05:30,953.0358,2025-09-25 15:15:00+05:30,949.0152,-20907,6461,-27368,Supertrend flipped up,intraday square-off
INFY,SHORT,34,2025-09-26 09:30:00+05:30,1466.8598,2025-09-26 13:45:00+05:30,1455.8031,37593,6475,31118,Supertrend flipped down,target
RELIANCE,LONG,36,2025-09-26 11:30:00+05:30,1378.9136,2025-09-26 15:15:00+05:30,1375.3873,-12695,6465,-19160,Supertrend flipped up,intraday square-off
TCS,LONG,17,2025-09-29 09:45:00+05:30,2919.4756,2025-09-29 12:15:00+05:30,2897.7304,-36967,6458,-43425,Supertrend flipped up,Supertrend flipped down
RELIANCE,SHORT,36,2025-09-29 12:45:00+05:30,1374.0876,2025-09-29 15:15:00+05:30,1377.4131,-11972,6464,-18436,Supertrend flipped down,intraday square-off
HDFCBANK,LONG,52,2025-09-29 10:15:00+05:30,951.4854,2025-09-29 15:15:00+05:30,949.715,-9206,6461,-15667,Supertrend flipped up,intraday square-off
INFY,SHORT,34,2025-09-29 12:45:00+05:30,1443.6668,2025-09-29 15:15:00+05:30,1440.0319,12359,6449,5910,Supertrend flipped down,intraday square-off
ICICIBANK,LONG,36,2025-10-01 09:30:00+05:30,1355.4065,2025-10-01 10:00:00+05:30,1363.0872,27650,6448,21202,Supertrend flipped up,target
RELIANCE,LONG,36,2025-10-01 09:30:00+05:30,1375.1124,2025-10-01 14:00:00+05:30,1363.9907,-40038,6454,-46492,Supertrend flipped up,Supertrend flipped down
TCS,LONG,17,2025-10-01 12:00:00+05:30,2899.5696,2025-10-01 14:15:00+05:30,2912.2823,21612,6463,15149,Supertrend flipped up,target
HDFCBANK,SHORT,52,2025-10-03 09:30:00+05:30,957.3127,2025-10-03 15:15:00+05:30,965.5396,-42780,6479,-49259,Supertrend flipped down,intraday square-off
ICICIBANK,SHORT,36,2025-10-03 14:15:00+05:30,1363.091,2025-10-03 15:15:00+05:30,1365.6096,-9067,6450,-15517,Supertrend flipped down,intraday square-off
RELIANCE,LONG,36,2025-10-06 11:45:00+05:30,1369.6108,2025-10-06 13:30:00+05:30,1375.238,20258,6463,13795,Supertrend flipped up,target
ICICIBANK,LONG,36,2025-10-07 09:30:00+05:30,1374.4122,2025-10-07 10:00:00+05:30,1381.3827,25094,6471,18623,Supertrend flipped up,target
TCS,SHORT,16,2025-10-07 10:15:00+05:30,2962.1111,2025-10-07 15:15:00+05:30,2971.8913,-15648,6392,-22040,Supertrend flipped down,intraday square-off
INFY,SHORT,34,2025-10-07 12:30:00+05:30,1458.3624,2025-10-07 15:15:00+05:30,1455.1364,10968,6466,4502,Supertrend flipped down,intraday square-off
RELIANCE,SHORT,36,2025-10-08 10:15:00+05:30,1380.5857,2025-10-08 11:00:00+05:30,1371.783,31690,6471,25219,Supertrend flipped down,target
HDFCBANK,SHORT,51,2025-10-08 10:15:00+05:30,979.606,2025-10-08 15:15:00+05:30,978.4935,5674,6481,-807,Supertrend flipped down,intraday square-off
ICICIBANK,SHORT,36,2025-10-08 11:45:00+05:30,1367.8895,2025-10-08 15:15:00+05:30,1370.6111,-9798,6456,-16254,Supertrend flipped down,intraday square-off
RELIANCE,LONG,36,2025-10-09 09:30:00+05:30,1378.2133,2025-10-09 15:15:00+05:30,1377.6866,-1896,6467,-8363,Supertrend flipped up,intraday square-off
ICICIBANK,LONG,36,2025-10-09 11:15:00+05:30,1377.5131,2025-10-09 15:15:00+05:30,1375.0874,-8733,6465,-15198,Supertrend flipped up,intraday square-off
TCS,SHORT,16,2025-10-10 11:30:00+05:30,3013.4957,2025-10-10 15:15:00+05:30,3026.5077,-20819,6421,-27240,Supertrend flipped down,intraday square-off
HDFCBANK,LONG,50,2025-10-10 09:30:00+05:30,983.2449,2025-10-10 15:15:00+05:30,980.1559,-15445,6448,-21893,Supertrend flipped up,intraday square-off
INFY,SHORT,33,2025-10-13 09:45:00+05:30,1497.0508,2025-10-13 11:30:00+05:30,1486.3508,35310,6459,28851,Supertrend flipped down,target
RELIANCE,SHORT,36,2025-10-13 09:30:00+05:30,1372.3882,2025-10-13 15:00:00+05:30,1377.6132,-18810,6462,-25272,Supertrend flipped down,Supertrend flipped up
RELIANCE,SHORT,36,2025-10-14 12:45:00+05:30,1370.2888,2025-10-14 15:15:00+05:30,1375.7126,-19526,6460,-25986,Supertrend flipped down,intraday square-off
HDFCBANK,LONG,50,2025-10-15 10:30:00+05:30,981.6944,2025-10-15 15:15:00+05:30,978.7063,-14941,6445,-21386,Supertrend flipped up,intraday square-off
RELIANCE,LONG,36,2025-10-16 12:15:00+05:30,1383.815,2025-10-16 14:00:00+05:30,1388.4572,16712,6481,10231,Supertrend flipped up,target
ICICIBANK,SHORT,35,2025-10-20 09:30:00+05:30,1407.9775,2025-10-20 14:30:00+05:30,1393.5364,50544,6453,44091,Supertrend flipped down,target
INFY,LONG,34,2025-10-20 09:30:00+05:30,1458.9375,2025-10-20 15:15:00+05:30,1459.7619,2803,6468,-3665,Supertrend flipped up,intraday square-off
RELIANCE,SHORT,34,2025-10-23 11:30:00+05:30,1458.3624,2025-10-23 15:00:00+05:30,1447.8355,35791,6465,29326,Supertrend flipped down,target
TCS,SHORT,16,2025-10-24 13:45:00+05:30,3064.0805,2025-10-24 15:15:00+05:30,3064.319,-382,6449,-6831,Supertrend flipped down,intraday square-off
INFY,SHORT,32,2025-10-24 10:45:00+05:30,1520.5437,2025-10-24 15:15:00+05:30,1526.7579,-19885,6437,-26322,Supertrend flipped down,intraday square-off
ICICIBANK,LONG,36,2025-10-24 09:30:00+05:30,1375.4125,2025-10-24 15:15:00+05:30,1378.0864,9626,6467,3159,Supertrend flipped up,intraday square-off
RELIANCE,LONG,34,2025-10-27 09:30:00+05:30,1468.6405,2025-10-27 09:30:00+05:30,1477.9249,31567,6489,25078,Supertrend flipped up,target
HDFCBANK,LONG,49,2025-10-27 09:30:00+05:30,1002.1005,2025-10-27 10:15:00+05:30,1007.7378,27623,6458,21165,Supertrend flipped up,target
TCS,SHORT,16,2025-10-28 10:15:00+05:30,3069.079,2025-10-28 11:00:00+05:30,3055.5368,21668,6450,15218,Supertrend flipped down,target
HDFCBANK,SHORT,50,2025-10-28 11:00:00+05:30,996.351,2025-10-28 15:15:00+05:30,1004.5513,-41001,6479,-47480,Supertrend flipped down,intraday square-off
ICICIBANK,SHORT,36,2025-10-28 09:30:00+05:30,1362.891,2025-10-28 15:15:00+05:30,1365.4095,-9067,6450,-15517,Supertrend flipped down,intraday square-off
INFY,LONG,33,2025-10-29 09:30:00+05:30,1506.6519,2025-10-29 10:30:00+05:30,1514.8291,26985,6481,20504,Supertrend flipped up,target
TCS,LONG,16,2025-10-29 10:45:00+05:30,3068.9204,2025-10-29 15:15:00+05:30,3055.3831,-21660,6444,-28104,Supertrend flipped up,intraday square-off
HDFCBANK,LONG,49,2025-10-29 11:30:00+05:30,1008.3024,2025-10-29 15:15:00+05:30,1007.3477,-4678,6460,-11138,Supertrend flipped up,intraday square-off
ICICIBANK,LONG,36,2025-10-29 13:45:00+05:30,1370.311,2025-10-29 15:15:00+05:30,1369.589,-2599,6458,-9057,Supertrend flipped up,intraday square-off
INFY,SHORT,33,2025-10-30 09:30:00+05:30,1501.7493,2025-10-30 09:30:00+05:30,1495.1915,21641,6465,15176,Supertrend flipped down,target
RELIANCE,SHORT,33,2025-10-30 10:00:00+05:30,1492.752,2025-10-30 14:45:00+05:30,1484.9341,25799,6455,19344,Supertrend flipped down,target
HDFCBANK,SHORT,49,2025-10-30 11:45:00+05:30,1002.5991,2025-10-30 15:15:00+05:30,998.2494,21314,6450,14864,Supertrend flipped down,intraday square-off
TCS,LONG,16,2025-10-31 09:30:00+05:30,3065.2193,2025-10-31 15:15:00+05:30,3055.0832,-16218,6444,-22662,Supertrend flipped up,intraday square-off
INFY,LONG,33,2025-11-03 11:30:00+05:30,1488.1463,2025-11-03 15:15:00+05:30,1485.0544,-10203,6448,-16651,Supertrend flipped up,intraday square-off
HDFCBANK,LONG,50,2025-11-04 11:30:00+05:30,995.4986,2025-11-04 14:30:00+05:30,986.2816,-46085,6461,-52546,Supertrend flipped up,stop-loss
TCS,LONG,16,2025-11-06 09:30:00+05:30,3009.1025,2025-11-06 12:45:00+05:30,3022.8755,22037,6424,15613,Supertrend flipped up,target
RELIANCE,LONG,33,2025-11-06 09:30:00+05:30,1491.2472,2025-11-06 15:15:00+05:30,1493.1519,6285,6456,-171,Supertrend flipped up,intraday square-off
INFY,LONG,33,2025-11-06 09:30:00+05:30,1477.5431,2025-11-06 15:15:00+05:30,1466.9598,-34925,6429,-41354,Supertrend flipped up,intraday square-off
ICICIBANK,LONG,37,2025-11-07 09:45:00+05:30,1329.1986,2025-11-07 11:15:00+05:30,1335.5263,23412,6460,16952,Supertrend flipped up,target
RELIANCE,SHORT,33,2025-11-07 13:15:00+05:30,1481.5554,2025-11-07 15:15:00+05:30,1477.3431,13901,6442,7459,Supertrend flipped down,intraday square-off
TCS,SHORT,16,2025-11-07 09:30:00+05:30,2972.0081,2025-11-07 15:15:00+05:30,2991.7973,-31663,6398,-38061,Supertrend flipped down,intraday square-off
HDFCBANK,SHORT,51,2025-11-07 09:30:00+05:30,978.3064,2025-11-07 15:15:00+05:30,982.6447,-22125,6480,-28605,Supertrend flipped down,intraday square-off
RELIANCE,SHORT,33,2025-11-11 10:15:00+05:30,1482.955,2025-11-11 14:00:00+05:30,1492.5476,-31656,6446,-38102,Supertrend flipped down,Supertrend flipped up
HDFCBANK,LONG,50,2025-11-11 13:15:00+05:30,987.3461,2025-11-11 14:15:00+05:30,991.4029,20284,6465,13819,Supertrend flipped up,target
INFY,SHORT,32,2025-11-13 09:30:00+05:30,1535.5392,2025-11-13 13:00:00+05:30,1551.4653,-50964,6454,-57418,Supertrend flipped down,Supertrend flipped up
TCS,SHORT,16,2025-11-13 09:45:00+05:30,3110.8665,2025-11-13 15:15:00+05:30,3107.9321,4695,6475,-1780,Supertrend flipped down,intraday square-off
HDFCBANK,SHORT,50,2025-11-13 09:30:00+05:30,985.2044,2025-11-13 15:15:00+05:30,987.2461,-10209,6457,-16666,Supertrend flipped down,intraday square-off
RELIANCE,LONG,32,2025-11-17 09:45:00+05:30,1523.3569,2025-11-17 15:15:00+05:30,1517.5446,-18599,6433,-25032,Supertrend flipped up,intraday square-off
TCS,SHORT,16,2025-11-18 09:30:00+05:30,3086.5738,2025-11-18 15:15:00+05:30,3085.8255,1197,6461,-5264,Supertrend flipped down,intraday square-off
INFY,SHORT,33,2025-11-18 09:45:00+05:30,1492.3522,2025-11-18 15:15:00+05:30,1485.0454,24112,6454,17658,Supertrend flipped down,intraday square-off
HDFCBANK,SHORT,50,2025-11-19 09:30:00+05:30,985.7042,2025-11-19 14:30:00+05:30,991.7474,-30216,6458,-36674,Supertrend flipped down,Supertrend flipped up
RELIANCE,SHORT,33,2025-11-19 11:15:00+05:30,1513.9457,2025-11-19 15:15:00+05:30,1519.5557,-18513,6482,-24995,Supertrend flipped down,intraday square-off
ICICIBANK,LONG,36,2025-11-19 12:45:00+05:30,1381.6144,2025-11-19 15:15:00+05:30,1382.885,4574,6476,-1902,Supertrend flipped up,intraday square-off
ICICIBANK,LONG,36,2025-11-20 14:15:00+05:30,1385.7156,2025-11-20 15:15:00+05:30,1382.885,-10190,6477,-16667,Supertrend flipped up,intraday square-off
TCS,SHORT,15,2025-11-21 10:00:00+05:30,3138.0583,2025-11-21 14:00:00+05:30,3165.9725,-41871,6382,-48253,Supertrend flipped down,stop-loss
HDFCBANK,SHORT,50,2025-11-21 10:15:00+05:30,999.0002,2025-11-21 15:15:00+05:30,998.3494,3254,6481,-3227,Supertrend flipped down,intraday square-off
RELIANCE,SHORT,32,2025-11-24 11:00:00+05:30,1535.5392,2025-11-24 15:15:00+05:30,1535.8606,-1029,6451,-7480,Supertrend flipped down,intraday square-off
ICICIBANK,LONG,36,2025-11-25 10:30:00+05:30,1376.2127,2025-11-25 11:00:00+05:30,1362.6044,-48990,6452,-55442,Supertrend flipped up,stop-loss
TCS,LONG,15,2025-11-26 10:45:00+05:30,3148.4442,2025-11-26 11:15:00+05:30,3162.7759,21497,6391,15106,Supertrend flipped up,target
INFY,LONG,32,2025-11-26 10:15:00+05:30,1544.7633,2025-11-26 14:30:00+05:30,1554.5157,31208,6472,24736,Supertrend flipped up,target
HDFCBANK,LONG,50,2025-11-26 10:00:00+05:30,999.9499,2025-11-26 15:15:00+05:30,1004.0987,20744,6488,14256,Supertrend flipped up,intraday square-off
TCS,SHORT,15,2025-11-27 09:45:00+05:30,3149.8548,2025-11-27 12:30:00+05:30,3133.3815,24710,6384,18326,Supertrend flipped down,target
INFY,SHORT,32,2025-11-27 13:45:00+05:30,1552.934,2025-11-27 15:00:00+05:30,1567.7295,-47346,6476,-53822,Supertrend flipped down,stop-loss
RELIANCE,SHORT,32,2025-11-27 13:45:00+05:30,1556.233,2025-11-27 15:15:00+05:30,1565.7696,-30517,6478,-36995,Supertrend flipped down,intraday square-off
HDFCBANK,SHORT,49,2025-11-27 13:30:00+05:30,1006.398,2025-11-27 15:15:00+05:30,1009.4527,-14968,6458,-21426,Supertrend flipped down,intraday square-off
INFY,LONG,31,2025-12-01 09:30:00+05:30,1568.9706,2025-12-01 15:15:00+05:30,1563.3309,-17483,6430,-23913,Supertrend flipped up,intraday square-off
TCS,LONG,15,2025-12-03 09:30:00+05:30,3169.8507,2025-12-03 10:30:00+05:30,3186.4179,24851,6403,18448,Supertrend flipped up,target
INFY,LONG,31,2025-12-03 09:30:00+05:30,1572.7717,2025-12-03 11:30:00+05:30,1582.8943,31380,6448,24932,Supertrend flipped up,target
ICICIBANK,LONG,36,2025-12-03 11:45:00+05:30,1381.3143,2025-12-03 14:15:00+05:30,1386.7357,19517,6479,13038,Supertrend flipped up,target
RELIANCE,LONG,32,2025-12-04 09:45:00+05:30,1547.7642,2025-12-04 10:30:00+05:30,1553.9207,19701,6472,13229,Supertrend flipped up,target
RELIANCE,SHORT,32,2025-12-04 12:45:00+05:30,1546.8358,2025-12-04 13:30:00+05:30,1540.5408,20144,6462,13682,Supertrend flipped down,target
HDFCBANK,SHORT,50,2025-12-04 13:00:00+05:30,995.7012,2025-12-04 15:15:00+05:30,997.099,-6989,6477,-13466,Supertrend flipped down,intraday square-off
ICICIBANK,SHORT,36,2025-12-04 13:00:00+05:30,1381.5854,2025-12-04 15:15:00+05:30,1387.016,-19550,6475,-26025,Supertrend flipped down,intraday square-off
TCS,SHORT,15,2025-12-08 13:45:00+05:30,3216.1349,2025-12-08 15:15:00+05:30,3238.4712,-33505,6423,-39928,Supertrend flipped down,intraday square-off
INFY,SHORT,31,2025-12-08 13:45:00+05:30,1607.2177,2025-12-08 15:15:00+05:30,1612.0835,-15084,6478,-21562,Supertrend flipped down,intraday square-off
ICICIBANK,SHORT,36,2025-12-09 09:30:00+05:30,1381.9853,2025-12-09 11:45:00+05:30,1375.932,21792,6473,15319,Supertrend flipped down,target
RELIANCE,SHORT,32,2025-12-09 09:30:00+05:30,1524.5425,2025-12-09 15:15:00+05:30,1529.3587,-15412,6441,-21853,Supertrend flipped down,intraday square-off
INFY,LONG,31,2025-12-09 14:15:00+05:30,1600.58,2025-12-09 15:15:00+05:30,1598.2204,-7315,6466,-13781,Supertrend flipped up,intraday square-off
INFY,SHORT,31,2025-12-10 14:15:00+05:30,1585.4242,2025-12-10 15:15:00+05:30,1585.4755,-159,6452,-6611,Supertrend flipped down,intraday square-off
RELIANCE,SHORT,32,2025-12-11 09:45:00+05:30,1526.042,2025-12-11 12:00:00+05:30,1542.4782,-52596,6445,-59041,Supertrend flipped down,stop-loss
HDFCBANK,LONG,50,2025-12-11 10:15:00+05:30,994.2982,2025-12-11 12:00:00+05:30,999.5028,26023,6480,19543,Supertrend flipped up,target
ICICIBANK,LONG,36,2025-12-12 09:30:00+05:30,1368.2103,2025-12-12 15:15:00+05:30,1365.7901,-8713,6453,-15166,Supertrend flipped up,intraday square-off
TCS,SHORT,15,2025-12-15 09:30:00+05:30,3200.0397,2025-12-15 11:00:00+05:30,3228.2635,-42336,6416,-48752,Supertrend flipped down,stop-loss
RELIANCE,SHORT,32,2025-12-15 09:30:00+05:30,1548.2354,2025-12-15 15:15:00+05:30,1556.4668,-26341,6468,-32809,Supertrend flipped down,intraday square-off
HDFCBANK,SHORT,50,2025-12-15 09:30:00+05:30,995.1014,2025-12-15 15:15:00+05:30,996.3988,-6487,6475,-12962,Supertrend flipped down,intraday square-off
TCS,SHORT,15,2025-12-16 09:30:00+05:30,3209.9367,2025-12-16 12:30:00+05:30,3196.1146,20733,6416,14317,Supertrend flipped down,target
INFY,SHORT,31,2025-12-16 09:30:00+05:30,1588.0235,2025-12-16 15:15:00+05:30,1592.5776,-14118,6456,-20574,Supertrend flipped down,intraday square-off
ICICIBANK,SHORT,36,2025-12-16 09:30:00+05:30,1357.9925,2025-12-16 15:15:00+05:30,1364.9093,-24901,6444,-31345,Supertrend flipped down,intraday square-off
TCS,LONG,15,2025-12-17 09:30:00+05:30,3229.6686,2025-12-17 15:15:00+05:30,3216.9346,-19101,6422,-25523,Supertrend flipped up,intraday square-off
ICICIBANK,LONG,36,2025-12-18 10:15:00+05:30,1359.5077,2025-12-18 11:00:00+05:30,1366.0633,23600,6451,17149,Supertrend flipped up,target
RELIANCE,LONG,32,2025-12-18 12:30:00+05:30,1551.1652,2025-12-18 15:15:00+05:30,1544.2366,-22172,6462,-28634,Supertrend flipped up,intraday square-off
HDFCBANK,LONG,50,2025-12-19 10:30:00+05:30,987.3961,2025-12-19 15:15:00+05:30,985.7042,-8460,6457,-14917,Supertrend flipped up,intraday square-off
INFY,SHORT,30,2025-12-19 13:15:00+05:30,1631.8103,2025-12-19 15:15:00+05:30,1640.592,-26345,6447,-32792,Supertrend flipped down,intraday square-off
ICICIBANK,LONG,36,2025-12-22 09:30:00+05:30,1362.1085,2025-12-22 12:00:00+05:30,1366.6802,16458,6453,10005,Supertrend flipped up,target
TCS,LONG,15,2025-12-22 11:30:00+05:30,3311.9933,2025-12-22 15:15:00+05:30,3325.3021,19963,6478,13485,Supertrend flipped up,intraday square-off
INFY,SHORT,30,2025-12-23 09:30:00+05:30,1660.1018,2025-12-23 15:15:00+05:30,1667.5001,-22195,6478,-28673,Supertrend flipped down,intraday square-off
ICICIBANK,SHORT,36,2025-12-23 09:45:00+05:30,1359.9919,2025-12-23 15:15:00+05:30,1364.4092,-15902,6446,-22348,Supertrend flipped down,intraday square-off
RELIANCE,SHORT,31,2025-12-24 11:00:00+05:30,1565.9301,2025-12-24 12:30:00+05:30,1560.4337,17039,6431,10608,Supertrend flipped down,target
TCS,SHORT,15,2025-12-26 10:00:00+05:30,3299.3099,2025-12-26 11:00:00+05:30,3287.0046,18458,6462,11996,Supertrend flipped down,target
HDFCBANK,SHORT,50,2025-12-26 11:45:00+05:30,991.8024,2025-12-26 12:45:00+05:30,988.5829,16097,6466,9631,Supertrend flipped down,target
ICICIBANK,SHORT,36,2025-12-26 09:30:00+05:30,1357.1927,2025-12-26 13:30:00+05:30,1352.1547,18137,6441,11696,Supertrend flipped down,target
HDFCBANK,LONG,50,2025-12-29 09:30:00+05:30,995.2985,2025-12-29 11:00:00+05:30,988.768,-32652,6465,-39117,Supertrend flipped up,stop-loss
RELIANCE,LONG,32,2025-12-31 11:15:00+05:30,1555.4665,2025-12-31 11:30:00+05:30,1561.7864,20224,6480,13744,Supertrend flipped up,target
TCS,LONG,15,2026-01-01 12:30:00+05:30,3228.7683,2026-01-01 15:15:00+05:30,3224.8323,-5904,6426,-12330,Supertrend flipped up,intraday square-off
INFY,LONG,30,2026-01-01 11:30:00+05:30,1633.1898,2026-01-01 15:15:00+05:30,1628.8112,-13136,6444,-19580,Supertrend flipped up,intraday square-off
ICICIBANK,SHORT,37,2026-01-01 12:15:00+05:30,1338.3984,2026-01-01 15:15:00+05:30,1337.7012,2580,6464,-3884,Supertrend flipped down,intraday square-off
TCS,SHORT,15,2026-01-05 09:30:00+05:30,3218.8341,2026-01-05 09:30:00+05:30,3204.6275,21310,6421,14889,Supertrend flipped down,target
INFY,SHORT,31,2026-01-05 09:30:00+05:30,1603.4188,2026-01-05 09:30:00+05:30,1592.039,35278,6471,28807,Supertrend flipped down,target
HDFCBANK,SHORT,50,2026-01-05 09:30:00+05:30,991.5025,2026-01-05 11:15:00+05:30,985.4839,30093,6464,23629,Supertrend flipped down,target
RELIANCE,SHORT,31,2026-01-05 13:30:00+05:30,1586.224,2026-01-05 14:00:00+05:30,1579.8402,19790,6451,13339,Supertrend flipped down,target
TCS,LONG,15,2026-01-06 10:00:00+05:30,3246.8738,2026-01-06 15:15:00+05:30,3254.5234,11474,6440,5034,Supertrend flipped up,intraday square-off
INFY,LONG,30,2026-01-06 10:00:00+05:30,1614.3842,2026-01-06 15:15:00+05:30,1612.716,-5004,6427,-11431,Supertrend flipped up,intraday square-off
TCS,SHORT,15,2026-01-08 09:30:00+05:30,3232.9298,2026-01-08 10:15:00+05:30,3210.2775,33979,6427,27552,Supertrend flipped down,target
INFY,SHORT,30,2026-01-08 09:45:00+05:30,1625.7121,2026-01-08 12:30:00+05:30,1616.201,28533,6437,22096,Supertrend flipped down,target
ICICIBANK,SHORT,35,2026-01-09 09:30:00+05:30,1416.8748,2026-01-09 10:30:00+05:30,1407.9728,31157,6465,24692,Supertrend flipped down,target
INFY,LONG,30,2026-01-09 09:45:00+05:30,1624.8873,2026-01-09 14:30:00+05:30,1608.6173,-48810,6424,-55234,Supertrend flipped up,Supertrend flipped down
ICICIBANK,LONG,35,2026-01-12 12:30:00+05:30,1414.3242,2026-01-12 12:30:00+05:30,1422.487,28570,6474,22096,Supertrend flipped up,target
RELIANCE,LONG,34,2026-01-12 12:45:00+05:30,1469.2406,2026-01-12 14:00:00+05:30,1479.5648,35102,6491,28611,Supertrend flipped up,target
TCS,LONG,15,2026-01-12 12:45:00+05:30,3222.2664,2026-01-12 15:15:00+05:30,3226.5318,6398,6427,-29,Supertrend flipped up,intraday square-off
HDFCBANK,LONG,53,2026-01-12 12:30:00+05:30,939.0816,2026-01-12 15:15:00+05:30,936.5689,-13317,6470,-19787,Supertrend flipped up,intraday square-off
HDFCBANK,SHORT,53,2026-01-13 14:15:00+05:30,935.1694,2026-01-13 15:15:00+05:30,938.6315,-18349,6468,-24817,Supertrend flipped down,intraday square-off
TCS,SHORT,15,2026-01-14 09:45:00+05:30,3229.031,2026-01-14 10:30:00+05:30,3204.9625,36103,6426,29677,Supertrend flipped down,target
INFY,LONG,31,2026-01-14 09:30:00+05:30,1603.3809,2026-01-14 13:45:00+05:30,1583.9552,-60219,6456,-66675,Supertrend flipped up,stop-loss
RELIANCE,LONG,34,2026-01-14 11:00:00+05:30,1464.4392,2026-01-14 15:15:00+05:30,1456.6629,-26440,6467,-32907,Supertrend flipped up,intraday square-off
ICICIBANK,SHORT,35,2026-01-14 10:15:00+05:30,1420.8736,2026-01-14 15:15:00+05:30,1417.9252,10319,6472,3847,Supertrend flipped down,intraday square-off
RELIANCE,SHORT,34,2026-01-16 13:00:00+05:30,1458.3624,2026-01-16 15:15:00+05:30,1457.037,4506,6467,-1961,Supertrend flipped down,intraday square-off
TCS,LONG,15,2026-01-16 10:30:00+05:30,3215.4643,2026-01-16 15:15:00+05:30,3204.4384,-16539,6417,-22956,Supertrend flipped up,intraday square-off
HDFCBANK,LONG,53,2026-01-16 10:30:00+05:30,934.2802,2026-01-16 15:15:00+05:30,930.7207,-18865,6460,-25325,Supertrend flipped up,intraday square-off
ICICIBANK,SHORT,36,2026-01-19 09:30:00+05:30,1369.1891,2026-01-19 14:45:00+05:30,1385.4155,-58415,6461,-64876,Supertrend flipped down,Supertrend flipped up
INFY,SHORT,29,2026-01-19 09:30:00+05:30,1670.9986,2026-01-19 15:15:00+05:30,1682.6046,-33658,6430,-40088,Supertrend flipped down,intraday square-off
HDFCBANK,LONG,53,2026-01-20 12:00:00+05:30,932.9298,2026-01-20 15:15:00+05:30,930.3708,-13563,6458,-20021,Supertrend flipped up,intraday square-off
RELIANCE,LONG,35,2026-01-21 12:30:00+05:30,1397.3191,2026-01-21 12:45:00+05:30,1407.6966,36321,6454,29867,Supertrend flipped up,target
TCS,LONG,15,2026-01-21 12:15:00+05:30,3129.8387,2026-01-21 15:15:00+05:30,3122.0631,-11663,6372,-18035,Supertrend flipped up,intraday square-off
RELIANCE,SHORT,35,2026-01-22 13:30:00+05:30,1396.7808,2026-01-22 15:15:00+05:30,1401.9204,-17989,6444,-24433,Supertrend flipped down,intraday square-off
TCS,SHORT,15,2026-01-22 13:15:00+05:30,3125.4621,2026-01-22 15:15:00+05:30,3152.8456,-41075,6375,-47450,Supertrend flipped down,intraday square-off
TCS,SHORT,15,2026-01-23 14:15:00+05:30,3160.4516,2026-01-23 15:15:00+05:30,3161.8483,-2095,6391,-8486,Supertrend flipped down,intraday square-off
ICICIBANK,LONG,36,2026-01-23 12:45:00+05:30,1352.5056,2026-01-23 15:15:00+05:30,1343.8967,-30992,6429,-37421,Supertrend flipped up,intraday square-off
ICICIBANK,LONG,36,2026-01-27 13:00:00+05:30,1352.9057,2026-01-27 15:00:00+05:30,1362.5524,34728,6447,28281,Supertrend flipped up,target
HDFCBANK,LONG,54,2026-01-27 09:45:00+05:30,921.1263,2026-01-27 15:15:00+05:30,925.0224,21039,6480,14559,Supertrend flipped up,intraday square-off
INFY,SHORT,29,2026-01-28 10:00:00+05:30,1667.7995,2026-01-28 11:00:00+05:30,1658.1722,27919,6424,21495,Supertrend flipped down,target
RELIANCE,LONG,35,2026-01-28 09:30:00+05:30,1402.5206,2026-01-28 15:15:00+05:30,1395.8811,-23238,6443,-29681,Supertrend flipped up,intraday square-off
TCS,LONG,15,2026-01-28 09:30:00+05:30,3188.7563,2026-01-28 15:15:00+05:30,3198.5402,14676,6408,8268,Supertrend flipped up,intraday square-off
HDFCBANK,SHORT,53,2026-01-29 10:15:00+05:30,925.7222,2026-01-29 12:00:00+05:30,934.4485,-46249,6453,-52702,Supertrend flipped down,stop-loss
ICICIBANK,SHORT,36,2026-01-29 09:30:00+05:30,1354.9934,2026-01-29 12:30:00+05:30,1370.8111,-56944,6443,-63387,Supertrend flipped down,Supertrend flipped up
ICICIBANK,SHORT,36,2026-01-30 10:30:00+05:30,1370.6887,2026-01-30 11:15:00+05:30,1360.9775,34960,6458,28502,Supertrend flipped down,target
RELIANCE,SHORT,36,2026-02-01 12:30:00+05:30,1369.589,2026-02-01 12:30:00+05:30,1352.9584,59870,6454,53416,Supertrend flipped down,target
TCS,LONG,15,2026-02-01 12:15:00+05:30,3154.0459,2026-02-01 12:30:00+05:30,3110.6312,-65122,6370,-71492,Supertrend flipped up,stop-loss
INFY,LONG,30,2026-02-01 12:15:00+05:30,1638.6915,2026-02-01 13:00:00+05:30,1657.6573,56898,6469,50429,Supertrend flipped up,target
RELIANCE,LONG,36,2026-02-02 12:15:00+05:30,1378.7135,2026-02-02 15:15:00+05:30,1390.5827,42729,6482,36247,Supertrend flipped up,intraday square-off
HDFCBANK,LONG,52,2026-02-03 09:30:00+05:30,953.486,2026-02-03 15:15:00+05:30,948.2654,-27147,6459,-33606,Supertrend flipped up,intraday square-off
INFY,LONG,29,2026-02-03 09:30:00+05:30,1680.8041,2026-02-03 15:15:00+05:30,1655.7031,-72793,6418,-79211,Supertrend flipped up,intraday square-off
ICICIBANK,LONG,35,2026-02-03 09:30:00+05:30,1392.7177,2026-02-03 15:15:00+05:30,1388.6833,-14120,6434,-20554,Supertrend flipped up,intraday square-off
RELIANCE,SHORT,34,2026-02-05 12:45:00+05:30,1441.9673,2026-02-05 15:15:00+05:30,1444.8333,-9745,6449,-16194,Supertrend flipped down,intraday square-off
ICICIBANK,SHORT,35,2026-02-05 14:15:00+05:30,1399.3801,2026-02-05 15:15:00+05:30,1398.7195,2312,6445,-4133,Supertrend flipped down,intraday square-off
ICICIBANK,SHORT,35,2026-02-09 10:30:00+05:30,1397.0808,2026-02-09 13:15:00+05:30,1390.1183,24369,6442,17927,Supertrend flipped down,target
TCS,LONG,16,2026-02-09 11:00:00+05:30,2954.4861,2026-02-09 15:15:00+05:30,2942.617,-18991,6381,-25372,Supertrend flipped up,intraday square-off
ICICIBANK,LONG,35,2026-02-10 09:30:00+05:30,1401.7204,2026-02-10 15:00:00+05:30,1407.8446,21435,6455,14980,Supertrend flipped up,target
RELIANCE,SHORT,34,2026-02-10 12:30:00+05:30,1456.063,2026-02-10 15:15:00+05:30,1457.137,-3651,6465,-10116,Supertrend flipped down,intraday square-off
INFY,LONG,33,2026-02-10 10:30:00+05:30,1510.453,2026-02-10 15:15:00+05:30,1496.351,-46537,6464,-53001,Supertrend flipped up,intraday square-off
TCS,SHORT,16,2026-02-11 09:45:00+05:30,2964.5104,2026-02-11 12:00:00+05:30,2946.5607,28719,6390,22329,Supertrend flipped down,target
RELIANCE,SHORT,34,2026-02-12 11:30:00+05:30,1456.9628,2026-02-12 14:00:00+05:30,1451.0317,20166,6464,13702,Supertrend flipped down,target
HDFCBANK,LONG,54,2026-02-13 10:00:00+05:30,923.9771,2026-02-13 12:00:00+05:30,915.6748,-44833,6466,-51299,Supertrend flipped up,stop-loss
INFY,LONG,37,2026-02-13 11:45:00+05:30,1349.6048,2026-02-13 14:15:00+05:30,1375.4812,95743,6507,89236,Supertrend flipped up,target
TCS,LONG,18,2026-02-13 12:00:00+05:30,2689.6066,2026-02-13 15:15:00+05:30,2689.193,-745,6427,-7172,Supertrend flipped up,intraday square-off
ICICIBANK,SHORT,35,2026-02-13 11:00:00+05:30,1418.1744,2026-02-13 15:15:00+05:30,1414.6243,12426,6468,5958,Supertrend flipped down,intraday square-off
HDFCBANK,LONG,54,2026-02-16 09:45:00+05:30,917.5752,2026-02-16 10:30:00+05:30,924.0158,34779,6476,28303,Supertrend flipped up,target
RELIANCE,LONG,34,2026-02-16 14:30:00+05:30,1432.2295,2026-02-16 15:15:00+05:30,1437.7685,18833,6442,12391,Supertrend flipped up,intraday square-off
INFY,SHORT,35,2026-02-17 14:00:00+05:30,1400.8796,2026-02-17 15:15:00+05:30,1391.9174,31368,6447,24921,Supertrend flipped down,intraday square-off
TCS,SHORT,18,2026-02-18 09:30:00+05:30,2711.3863,2026-02-18 09:45:00+05:30,2684.592,48230,6438,41792,Supertrend flipped down,target
RELIANCE,LONG,34,2026-02-18 13:15:00+05:30,1434.8303,2026-02-18 15:00:00+05:30,1440.5305,19381,6444,12937,Supertrend flipped up,target
TCS,LONG,18,2026-02-19 09:30:00+05:30,2721.8163,2026-02-19 10:00:00+05:30,2743.6785,39352,6459,32893,Supertrend flipped up,target
ICICIBANK,SHORT,35,2026-02-19 11:15:00+05:30,1398.9802,2026-02-19 12:00:00+05:30,1393.8353,18007,6444,11563,Supertrend flipped down,target
HDFCBANK,SHORT,54,2026-02-19 11:30:00+05:30,918.9242,2026-02-19 15:00:00+05:30,915.9181,16233,6467,9766,Supertrend flipped down,target
INFY,LONG,36,2026-02-19 09:30:00+05:30,1387.7162,2026-02-19 15:00:00+05:30,1367.2144,-73806,6459,-80265,Supertrend flipped up,stop-loss
TCS,SHORT,18,2026-02-19 14:00:00+05:30,2694.1915,2026-02-19 15:15:00+05:30,2676.4027,32020,6428,25592,Supertrend flipped down,intraday square-off
RELIANCE,LONG,35,2026-02-20 10:45:00+05:30,1420.326,2026-02-20 15:15:00+05:30,1418.0744,-7880,6470,-14350,Supertrend flipped up,intraday square-off
ICICIBANK,LONG,35,2026-02-20 10:30:00+05:30,1401.2202,2026-02-20 15:15:00+05:30,1393.5818,-26735,6441,-33176,Supertrend flipped up,intraday square-off
TCS,SHORT,18,2026-02-23 10:45:00+05:30,2663.3008,2026-02-23 15:15:00+05:30,2677.0029,-24664,6411,-31075,Supertrend flipped down,intraday square-off
HDFCBANK,LONG,54,2026-02-23 09:30:00+05:30,924.5773,2026-02-23 15:15:00+05:30,923.8728,-3804,6479,-10283,Supertrend flipped up,intraday square-off
ICICIBANK,SHORT,35,2026-02-24 10:15:00+05:30,1394.1816,2026-02-24 12:15:00+05:30,1388.7813,18901,6439,12462,Supertrend flipped down,target
HDFCBANK,SHORT,54,2026-02-24 12:45:00+05:30,916.9248,2026-02-24 13:30:00+05:30,912.7667,22454,6463,15991,Supertrend flipped down,target
RELIANCE,SHORT,35,2026-02-24 10:30:00+05:30,1414.6755,2026-02-24 15:15:00+05:30,1429.5287,-51986,6469,-58455,Supertrend flipped down,intraday square-off
INFY,LONG,38,2026-02-25 09:30:00+05:30,1301.1902,2026-02-25 09:45:00+05:30,1315.3775,53912,6478,47434,Supertrend flipped up,target
RELIANCE,SHORT,35,2026-02-25 12:45:00+05:30,1419.474,2026-02-25 13:00:00+05:30,1412.3073,25084,6470,18614,Supertrend flipped down,target
TCS,LONG,18,2026-02-25 09:30:00+05:30,2638.0912,2026-02-25 15:15:00+05:30,2627.2116,-19583,6387,-25970,Supertrend flipped up,intraday square-off
INFY,SHORT,38,2026-02-25 13:30:00+05:30,1288.4134,2026-02-25 15:15:00+05:30,1290.1869,-6740,6446,-13186,Supertrend flipped down,intraday square-off
ICICIBANK,LONG,35,2026-02-25 09:45:00+05:30,1400.7201,2026-02-25 15:15:00+05:30,1398.9802,-6090,6446,-12536,Supertrend flipped up,intraday square-off
ICICIBANK,SHORT,35,2026-02-27 10:30:00+05:30,1392.1822,2026-02-27 13:15:00+05:30,1383.9468,28824,6436,22388,Supertrend flipped down,target
TCS,SHORT,18,2026-02-27 14:30:00+05:30,2634.0096,2026-02-27 15:15:00+05:30,2640.3919,-11488,6392,-17880,Supertrend flipped down,intraday square-off
INFY,SHORT,38,2026-03-02 09:30:00+05:30,1292.1123,2026-03-02 11:30:00+05:30,1280.4691,44244,6449,37795,Supertrend flipped down,target
RELIANCE,LONG,37,2026-03-04 12:00:00+05:30,1345.9036,2026-03-04 15:15:00+05:30,1343.2969,-9645,6474,-16119,Supertrend flipped up,intraday square-off
HDFCBANK,LONG,56,2026-03-04 13:15:00+05:30,878.9136,2026-03-04 15:15:00+05:30,868.5893,-57816,6438,-64254,Supertrend flipped up,intraday square-off
ICICIBANK,LONG,36,2026-03-04 14:15:00+05:30,1370.2109,2026-03-04 15:15:00+05:30,1362.791,-26712,6452,-33164,Supertrend flipped up,intraday square-off
INFY,SHORT,38,2026-03-05 10:30:00+05:30,1292.912,2026-03-05 15:00:00+05:30,1309.8928,-64527,6456,-70983,Supertrend flipped down,Supertrend flipped up
HDFCBANK,SHORT,57,2026-03-06 09:30:00+05:30,864.6405,2026-03-06 14:00:00+05:30,856.7636,44898,6454,38444,Supertrend flipped down,target
ICICIBANK,SHORT,37,2026-03-06 09:30:00+05:30,1325.6022,2026-03-06 15:00:00+05:30,1311.1009,53655,6446,47209,Supertrend flipped down,target
TCS,SHORT,19,2026-03-06 13:30:00+05:30,2565.2302,2026-03-06 15:15:00+05:30,2560.0678,9809,6437,3372,Supertrend flipped down,intraday square-off
INFY,SHORT,38,2026-03-09 09:30:00+05:30,1294.3116,2026-03-09 14:45:00+05:30,1312.5726,-69392,6459,-75851,Supertrend flipped down,stop-loss
TCS,LONG,19,2026-03-09 11:30:00+05:30,2552.4655,2026-03-09 15:15:00+05:30,2527.2416,-47925,6416,-54341,Supertrend flipped up,intraday square-off
ICICIBANK,LONG,38,2026-03-10 09:30:00+05:30,1296.989,2026-03-10 14:00:00+05:30,1309.6854,48246,6471,41775,Supertrend flipped up,target
HDFCBANK,LONG,58,2026-03-10 09:30:00+05:30,850.8052,2026-03-10 15:15:00+05:30,849.4451,-7888,6457,-14345,Supertrend flipped up,intraday square-off
RELIANCE,SHORT,35,2026-03-11 09:45:00+05:30,1401.4794,2026-03-11 15:15:00+05:30,1390.0169,40119,6446,33673,Supertrend flipped down,intraday square-off
ICICIBANK,SHORT,38,2026-03-11 10:15:00+05:30,1296.8108,2026-03-11 15:15:00+05:30,1295.7886,3884,6456,-2572,Supertrend flipped down,intraday square-off
HDFCBANK,LONG,60,2026-03-16 11:15:00+05:30,827.9483,2026-03-16 14:15:00+05:30,834.9835,42211,6484,35727,Supertrend flipped up,target
TCS,LONG,20,2026-03-16 14:30:00+05:30,2403.2208,2026-03-16 14:45:00+05:30,2422.516,38591,6426,32165,Supertrend flipped up,target
RELIANCE,LONG,35,2026-03-16 14:30:00+05:30,1391.2172,2026-03-16 15:15:00+05:30,1396.381,18073,6442,11631,Supertrend flipped up,intraday square-off
INFY,LONG,40,2026-03-16 14:30:00+05:30,1245.2735,2026-03-16 15:15:00+05:30,1251.6244,25404,6484,18920,Supertrend flipped up,intraday square-off
ICICIBANK,LONG,39,2026-03-16 14:30:00+05:30,1269.0806,2026-03-16 15:15:00+05:30,1274.5175,21204,6471,14733,Supertrend flipped up,intraday square-off
INFY,LONG,39,2026-03-18 09:30:00+05:30,1257.5772,2026-03-18 09:45:00+05:30,1270.1132,48891,6462,42429,Supertrend flipped up,target
ICICIBANK,SHORT,39,2026-03-18 09:45:00+05:30,1275.0174,2026-03-18 11:30:00+05:30,1295.2151,-78771,6479,-85250,Supertrend flipped down,stop-loss
HDFCBANK,SHORT,59,2026-03-18 10:00:00+05:30,833.5499,2026-03-18 14:30:00+05:30,846.2038,-74658,6458,-81116,Supertrend flipped down,Supertrend flipped up
TCS,LONG,20,2026-03-18 09:30:00+05:30,2461.4382,2026-03-18 15:15:00+05:30,2440.2677,-42341,6443,-48784,Supertrend flipped up,Supertrend flipped down
RELIANCE,SHORT,35,2026-03-19 12:30:00+05:30,1399.58,2026-03-19 13:45:00+05:30,1389.9235,33798,6444,27354,Supertrend flipped down,target
ICICIBANK,SHORT,39,2026-03-19 09:30:00+05:30,1264.6205,2026-03-19 14:45:00+05:30,1251.4501,51365,6454,44911,Supertrend flipped down,target
TCS,LONG,20,2026-03-20 09:30:00+05:30,2388.7164,2026-03-20 15:15:00+05:30,2386.6838,-4065,6402,-10467,Supertrend flipped up,intraday square-off
INFY,LONG,40,2026-03-20 09:30:00+05:30,1247.9743,2026-03-20 15:15:00+05:30,1254.9234,27797,6488,21309,Supertrend flipped up,intraday square-off
RELIANCE,SHORT,35,2026-03-23 09:30:00+05:30,1404.2786,2026-03-23 10:30:00+05:30,1392.331,41816,6450,35366,Supertrend flipped down,target
HDFCBANK,LONG,65,2026-03-24 09:30:00+05:30,758.3274,2026-03-24 12:45:00+05:30,767.1424,57297,6474,50823,Supertrend flipped up,target
ICICIBANK,LONG,40,2026-03-24 09:30:00+05:30,1241.4723,2026-03-24 14:15:00+05:30,1252.4393,43868,6482,37386,Supertrend flipped up,target
TCS,SHORT,20,2026-03-25 14:30:00+05:30,2387.8834,2026-03-25 15:15:00+05:30,2379.2136,17340,6402,10938,Supertrend flipped down,intraday square-off
ICICIBANK,SHORT,39,2026-03-27 09:30:00+05:30,1251.3245,2026-03-27 14:00:00+05:30,1240.5337,42084,6438,35646,Supertrend flipped down,target
INFY,SHORT,39,2026-03-27 11:30:00+05:30,1271.8183,2026-03-27 15:15:00+05:30,1270.481,5216,6467,-1251,Supertrend flipped down,intraday square-off
INFY,LONG,38,2026-04-01 09:30:00+05:30,1283.2849,2026-04-01 10:00:00+05:30,1300.6427,65960,6458,59502,Supertrend flipped up,target
TCS,LONG,20,2026-04-01 09:30:00+05:30,2443.6329,2026-04-01 10:15:00+05:30,2471.1966,55127,6459,48668,Supertrend flipped up,target
RELIANCE,LONG,36,2026-04-01 09:30:00+05:30,1372.2115,2026-04-01 15:15:00+05:30,1369.489,-9801,6458,-16259,Supertrend flipped up,intraday square-off
HDFCBANK,LONG,66,2026-04-01 09:30:00+05:30,752.0255,2026-04-01 15:15:00+05:30,740.5278,-75885,6447,-82332,Supertrend flipped up,intraday square-off
ICICIBANK,LONG,40,2026-04-01 09:30:00+05:30,1223.567,2026-04-01 15:15:00+05:30,1212.1362,-45723,6432,-52155,Supertrend flipped up,intraday square-off
HDFCBANK,LONG,67,2026-04-02 13:45:00+05:30,742.2226,2026-04-02 14:15:00+05:30,748.4276,41573,6486,35087,Supertrend flipped up,target
TCS,LONG,20,2026-04-02 13:30:00+05:30,2446.6338,2026-04-02 14:30:00+05:30,2468.6667,44066,6457,37609,Supertrend flipped up,target
INFY,LONG,38,2026-04-02 13:45:00+05:30,1285.8856,2026-04-02 14:45:00+05:30,1298.1339,46544,6456,40088,Supertrend flipped up,target
ICICIBANK,LONG,41,2026-04-02 13:45:00+05:30,1205.9617,2026-04-02 15:00:00+05:30,1215.7862,40280,6474,33806,Supertrend flipped up,target
RELIANCE,SHORT,37,2026-04-06 09:30:00+05:30,1325.3023,2026-04-06 10:30:00+05:30,1308.8273,60957,6445,54512,Supertrend flipped down,target
INFY,SHORT,37,2026-04-08 10:30:00+05:30,1331.3005,2026-04-08 15:15:00+05:30,1348.4044,-63284,6460,-69744,Supertrend flipped down,intraday square-off
HDFCBANK,SHORT,62,2026-04-09 09:45:00+05:30,804.7585,2026-04-09 13:45:00+05:30,796.7349,49747,6475,43272,Supertrend flipped down,target
ICICIBANK,SHORT,38,2026-04-09 09:45:00+05:30,1292.5121,2026-04-09 14:15:00+05:30,1281.0717,43474,6449,37025,Supertrend flipped down,target
RELIANCE,SHORT,37,2026-04-09 10:45:00+05:30,1331.9003,2026-04-09 15:15:00+05:30,1330.5991,4815,6456,-1641,Supertrend flipped down,intraday square-off
TCS,SHORT,19,2026-04-10 09:30:00+05:30,2540.3377,2026-04-10 09:30:00+05:30,2510.5943,56512,6418,50094,Supertrend flipped down,target
ICICIBANK,SHORT,38,2026-04-13 09:30:00+05:30,1300.8096,2026-04-13 11:30:00+05:30,1322.9406,-84098,6468,-90566,Supertrend flipped down,stop-loss
RELIANCE,SHORT,38,2026-04-13 09:30:00+05:30,1313.6058,2026-04-13 15:15:00+05:30,1315.7946,-8318,6481,-14799,Supertrend flipped down,intraday square-off
HDFCBANK,SHORT,63,2026-04-13 09:30:00+05:30,789.3131,2026-04-13 15:15:00+05:30,794.5383,-32918,6476,-39394,Supertrend flipped down,intraday square-off
TCS,LONG,19,2026-04-15 09:30:00+05:30,2548.5643,2026-04-15 15:15:00+05:30,2552.8339,8112,6430,1682,Supertrend flipped up,intraday square-off
INFY,LONG,37,2026-04-15 09:30:00+05:30,1317.6952,2026-04-15 15:15:00+05:30,1304.9084,-47311,6425,-53736,Supertrend flipped up,intraday square-off
HDFCBANK,SHORT,62,2026-04-16 11:45:00+05:30,805.5083,2026-04-16 12:00:00+05:30,800.0645,33751,6478,27273,Supertrend flipped down,target
RELIANCE,SHORT,37,2026-04-16 10:00:00+05:30,1332.4002,2026-04-16 15:15:00+05:30,1343.703,-41820,6460,-48280,Supertrend flipped down,intraday square-off
ICICIBANK,SHORT,37,2026-04-16 13:00:00+05:30,1345.3963,2026-04-16 15:15:00+05:30,1343.4029,7375,6475,900,Supertrend flipped down,intraday square-off
HDFCBANK,LONG,62,2026-04-20 11:45:00+05:30,802.1906,2026-04-20 15:15:00+05:30,795.0614,-44201,6460,-50661,Supertrend flipped up,intraday square-off
INFY,SHORT,38,2026-04-21 09:30:00+05:30,1303.6088,2026-04-21 10:45:00+05:30,1318.2413,-55604,6469,-62073,Supertrend flipped down,stop-loss
ICICIBANK,LONG,36,2026-04-21 10:00:00+05:30,1371.2112,2026-04-21 11:00:00+05:30,1381.9066,38503,6472,32031,Supertrend flipped up,target
RELIANCE,SHORT,36,2026-04-21 12:30:00+05:30,1356.7928,2026-04-21 15:15:00+05:30,1353.3059,12553,6441,6112,Supertrend flipped down,intraday square-off
INFY,SHORT,38,2026-04-21 14:15:00+05:30,1310.6067,2026-04-21 15:15:00+05:30,1312.1935,-6030,6477,-12507,Supertrend flipped down,intraday square-off
TCS,SHORT,19,2026-04-22 09:30:00+05:30,2560.0318,2026-04-22 11:30:00+05:30,2542.0855,34098,6432,27666,Supertrend flipped down,target
TCS,LONG,19,2026-04-22 14:00:00+05:30,2550.765,2026-04-22 15:15:00+05:30,2537.5385,-25130,6421,-31551,Supertrend flipped up,intraday square-off
HDFCBANK,SHORT,62,2026-04-22 10:00:00+05:30,804.5586,2026-04-22 15:15:00+05:30,800.24,26775,6476,20299,Supertrend flipped down,intraday square-off
ICICIBANK,SHORT,36,2026-04-22 09:30:00+05:30,1370.1888,2026-04-22 15:15:00+05:30,1367.9102,8203,6458,1745,Supertrend flipped down,intraday square-off
TCS,SHORT,19,2026-04-23 14:30:00+05:30,2524.2425,2026-04-23 15:15:00+05:30,2522.5565,3203,6409,-3206,Supertrend flipped down,intraday square-off
TCS,LONG,20,2026-04-27 09:30:00+05:30,2424.6272,2026-04-27 12:00:00+05:30,2445.4235,41593,6441,35152,Supertrend flipped up,target
HDFCBANK,LONG,63,2026-04-27 09:30:00+05:30,789.6368,2026-04-27 15:15:00+05:30,789.763,795,6475,-5680,Supertrend flipped up,intraday square-off
INFY,LONG,42,2026-04-27 09:30:00+05:30,1173.752,2026-04-27 15:15:00+05:30,1169.749,-16813,6452,-23265,Supertrend flipped up,intraday square-off
TCS,SHORT,20,2026-04-28 12:45:00+05:30,2444.2665,2026-04-28 15:15:00+05:30,2443.1327,2268,6443,-4175,Supertrend flipped down,intraday square-off
HDFCBANK,SHORT,63,2026-04-28 12:30:00+05:30,785.2144,2026-04-28 15:15:00+05:30,781.9845,20348,6462,13886,Supertrend flipped down,intraday square-off
INFY,LONG,43,2026-04-29 09:30:00+05:30,1162.2486,2026-04-29 09:45:00+05:30,1170.5281,35602,6491,29111,Supertrend flipped up,target
RELIANCE,SHORT,35,2026-04-30 09:30:00+05:30,1408.9772,2026-04-30 10:30:00+05:30,1395.9194,45702,6455,39247,Supertrend flipped down,target
TCS,SHORT,20,2026-04-30 09:30:00+05:30,2455.1632,2026-04-30 12:45:00+05:30,2473.0417,-35757,6453,-42210,Supertrend flipped down,Supertrend flipped up
INFY,LONG,42,2026-04-30 12:30:00+05:30,1178.5535,2026-04-30 13:30:00+05:30,1186.5198,33459,6474,26985,Supertrend flipped up,target
HDFCBANK,LONG,64,2026-04-30 13:30:00+05:30,775.3325,2026-04-30 15:15:00+05:30,771.3685,-25370,6461,-31831,Supertrend flipped up,intraday square-off
TCS,SHORT,20,2026-05-04 09:30:00+05:30,2455.6631,2026-05-04 12:15:00+05:30,2431.8909,47544,6448,41096,Supertrend flipped down,target
INFY,SHORT,42,2026-05-04 12:15:00+05:30,1173.3479,2026-05-04 15:15:00+05:30,1168.3504,20989,6455,14534,Supertrend flipped down,intraday square-off
ICICIBANK,LONG,39,2026-05-04 09:30:00+05:30,1277.7832,2026-05-04 15:15:00+05:30,1271.6184,-24043,6470,-30513,Supertrend flipped up,intraday square-off
HDFCBANK,SHORT,64,2026-05-05 09:30:00+05:30,771.5185,2026-05-05 12:00:00+05:30,764.418,45443,6457,38986,Supertrend flipped down,target
TCS,LONG,20,2026-05-06 09:30:00+05:30,2465.2394,2026-05-06 11:30:00+05:30,2417.9408,-94597,6431,-101028,Supertrend flipped up,stop-loss
RELIANCE,SHORT,34,2026-05-06 11:00:00+05:30,1445.0664,2026-05-06 12:30:00+05:30,1434.2575,36750,6449,30301,Supertrend flipped down,target
INFY,SHORT,42,2026-05-06 11:15:00+05:30,1173.4479,2026-05-06 14:00:00+05:30,1165.3867,33857,6454,27403,Supertrend flipped down,target
HDFCBANK,SHORT,63,2026-05-08 09:30:00+05:30,786.7639,2026-05-08 12:15:00+05:30,779.9032,43222,6463,36759,Supertrend flipped down,target
INFY,LONG,42,2026-05-08 10:45:00+05:30,1174.8523,2026-05-08 14:30:00+05:30,1182.5308,32250,6470,25780,Supertrend flipped up,target
RELIANCE,SHORT,35,2026-05-11 09:30:00+05:30,1420.6737,2026-05-11 12:15:00+05:30,1410.2298,36554,6471,30083,Supertrend flipped down,target
ICICIBANK,LONG,39,2026-05-11 11:45:00+05:30,1271.3813,2026-05-11 15:15:00+05:30,1265.8201,-21689,6461,-28150,Supertrend flipped up,intraday square-off
TCS,SHORT,21,2026-05-12 09:30:00+05:30,2315.0053,2026-05-12 10:30:00+05:30,2289.1428,54311,6430,47881,Supertrend flipped down,target
INFY,SHORT,43,2026-05-12 09:30:00+05:30,1138.5583,2026-05-12 12:00:00+05:30,1127.4584,47730,6442,41288,Supertrend flipped down,target
HDFCBANK,LONG,65,2026-05-13 13:00:00+05:30,760.0279,2026-05-13 15:15:00+05:30,749.875,-65994,6443,-72437,Supertrend flipped up,intraday square-off
ICICIBANK,LONG,40,2026-05-13 13:00:00+05:30,1248.8746,2026-05-13 15:15:00+05:30,1237.1288,-46983,6467,-53450,Supertrend flipped up,intraday square-off
RELIANCE,LONG,36,2026-05-14 11:45:00+05:30,1372.4116,2026-05-14 15:15:00+05:30,1362.3912,-36074,6451,-42525,Supertrend flipped up,intraday square-off
TCS,LONG,22,2026-05-14 14:00:00+05:30,2253.2758,2026-05-14 15:15:00+05:30,2245.2262,-17709,6462,-24171,Supertrend flipped up,intraday square-off
INFY,LONG,44,2026-05-15 09:30:00+05:30,1130.1389,2026-05-15 15:15:00+05:30,1119.564,-46530,6460,-52990,Supertrend flipped up,intraday square-off
TCS,SHORT,22,2026-05-18 10:15:00+05:30,2254.5234,2026-05-18 13:00:00+05:30,2288.0361,-73728,6473,-80201,Supertrend flipped down,stop-loss
ICICIBANK,SHORT,40,2026-05-18 09:30:00+05:30,1237.6286,2026-05-18 14:00:00+05:30,1249.0746,-45784,6468,-52252,Supertrend flipped down,Supertrend flipped up
RELIANCE,LONG,37,2026-05-18 11:30:00+05:30,1339.4017,2026-05-18 15:15:00+05:30,1334.3996,-18508,6461,-24969,Supertrend flipped up,intraday square-off
ICICIBANK,SHORT,40,2026-05-19 10:00:00+05:30,1236.5289,2026-05-19 15:15:00+05:30,1241.2723,-18973,6464,-25437,Supertrend flipped down,intraday square-off
RELIANCE,LONG,37,2026-05-20 11:00:00+05:30,1334.0001,2026-05-20 11:30:00+05:30,1343.306,34432,6471,27961,Supertrend flipped up,target
HDFCBANK,LONG,65,2026-05-21 09:45:00+05:30,766.2798,2026-05-21 12:30:00+05:30,756.4788,-63707,6457,-70164,Supertrend flipped up,stop-loss
TCS,SHORT,21,2026-05-21 10:00:00+05:30,2315.7051,2026-05-21 15:15:00+05:30,2327.398,-24555,6436,-30991,Supertrend flipped down,intraday square-off
INFY,SHORT,42,2026-05-21 10:45:00+05:30,1185.4443,2026-05-21 15:15:00+05:30,1181.2543,17598,6474,11124,Supertrend flipped down,intraday square-off
HDFCBANK,LONG,65,2026-05-22 09:30:00+05:30,766.5799,2026-05-22 10:00:00+05:30,772.3587,37562,6487,31075,Supertrend flipped up,target
RELIANCE,LONG,36,2026-05-22 13:00:00+05:30,1364.7093,2026-05-22 15:15:00+05:30,1352.894,-42535,6440,-48975,Supertrend flipped up,Supertrend flipped down
RELIANCE,LONG,36,2026-05-25 13:30:00+05:30,1364.9093,2026-05-25 15:15:00+05:30,1368.1894,11808,6454,5354,Supertrend flipped up,intraday square-off
HDFCBANK,SHORT,63,2026-05-26 13:45:00+05:30,781.9653,2026-05-26 14:30:00+05:30,777.9345,25394,6455,18939,Supertrend flipped down,target
INFY,LONG,42,2026-05-26 09:45:00+05:30,1179.0536,2026-05-26 14:45:00+05:30,1166.45,-52935,6451,-59386,Supertrend flipped up,Supertrend flipped down
RELIANCE,SHORT,36,2026-05-26 14:00:00+05:30,1357.5926,2026-05-26 15:15:00+05:30,1355.2064,8590,6442,2148,Supertrend flipped down,intraday square-off
ICICIBANK,SHORT,38,2026-05-26 13:45:00+05:30,1283.6148,2026-05-26 15:15:00+05:30,1279.1836,16838,6438,10400,Supertrend flipped down,intraday square-off
ICICIBANK,SHORT,39,2026-05-27 13:45:00+05:30,1274.2176,2026-05-27 15:15:00+05:30,1274.4822,-1032,6473,-7505,Supertrend flipped down,intraday square-off
INFY,LONG,41,2026-05-29 09:30:00+05:30,1195.7586,2026-05-29 09:45:00+05:30,1207.5717,48434,6462,41972,Supertrend flipped up,target
ICICIBANK,LONG,38,2026-05-29 12:00:00+05:30,1284.5853,2026-05-29 13:45:00+05:30,1271.0165,-51561,6425,-57986,Supertrend flipped up,stop-loss
TCS,SHORT,21,2026-05-29 13:15:00+05:30,2286.4139,2026-05-29 15:00:00+05:30,2270.973,32426,6411,26015,Supertrend flipped down,target
HDFCBANK,LONG,67,2026-06-02 11:00:00+05:30,745.2235,2026-06-02 12:45:00+05:30,751.495,42019,6493,35526,Supertrend flipped up,target
RELIANCE,LONG,37,2026-06-02 13:15:00+05:30,1317.8952,2026-06-02 13:30:00+05:30,1327.254,34627,6449,28178,Supertrend flipped up,target
INFY,SHORT,40,2026-06-03 09:30:00+05:30,1235.1294,2026-06-03 10:15:00+05:30,1219.2192,63641,6457,57184,Supertrend flipped down,target
TCS,SHORT,21,2026-06-03 09:30:00+05:30,2304.3085,2026-06-03 10:30:00+05:30,2263.8288,85007,6421,78586,Supertrend flipped down,target
ICICIBANK,LONG,40,2026-06-03 12:45:00+05:30,1233.9701,2026-06-03 13:30:00+05:30,1242.7025,34930,6471,28459,Supertrend flipped up,target
RELIANCE,SHORT,38,2026-06-03 09:30:00+05:30,1307.4077,2026-06-03 14:30:00+05:30,1316.3948,-34151,6475,-40626,Supertrend flipped down,Supertrend flipped up
HDFCBANK,SHORT,67,2026-06-04 09:45:00+05:30,745.5763,2026-06-04 12:00:00+05:30,755.6484,-67483,6485,-73968,Supertrend flipped down,stop-loss
RELIANCE,SHORT,38,2026-06-04 12:45:00+05:30,1300.6097,2026-06-04 15:15:00+05:30,1306.6919,-23112,6463,-29575,Supertrend flipped down,intraday square-off
HDFCBANK,SHORT,66,2026-06-05 13:45:00+05:30,746.8759,2026-06-05 15:15:00+05:30,747.6742,-5269,6457,-11726,Supertrend flipped down,intraday square-off
INFY,LONG,41,2026-06-08 10:45:00+05:30,1197.6592,2026-06-08 15:15:00+05:30,1185.6442,-49261,6436,-55697,Supertrend flipped up,intraday square-off
ICICIBANK,SHORT,40,2026-06-08 10:00:00+05:30,1247.9255,2026-06-08 15:15:00+05:30,1250.275,-9398,6481,-15879,Supertrend flipped down,intraday square-off
HDFCBANK,LONG,67,2026-06-09 09:30:00+05:30,741.9225,2026-06-09 11:15:00+05:30,733.662,-55346,6457,-61803,Supertrend flipped up,stop-loss
TCS,LONG,23,2026-06-10 09:30:00+05:30,2165.4494,2026-06-10 09:45:00+05:30,2179.4651,32236,6485,25751,Supertrend flipped up,target
HDFCBANK,SHORT,67,2026-06-11 09:30:00+05:30,741.4275,2026-06-11 12:00:00+05:30,753.0913,-78147,6477,-84624,Supertrend flipped down,stop-loss
RELIANCE,LONG,39,2026-06-11 12:30:00+05:30,1273.582,2026-06-11 15:15:00+05:30,1261.7214,-46256,6458,-52714,Supertrend flipped up,intraday square-off
TCS,SHORT,23,2026-06-11 09:30:00+05:30,2122.563,2026-06-11 15:15:00+05:30,2137.141,-33529,6442,-39971,Supertrend flipped down,intraday square-off
INFY,LONG,44,2026-06-15 09:30:00+05:30,1128.3384,2026-06-15 10:45:00+05:30,1136.7167,36865,6480,30385,Supertrend flipped up,target
ICICIBANK,SHORT,37,2026-06-15 13:30:00+05:30,1335.6992,2026-06-15 15:00:00+05:30,1328.1878,27792,6460,21332,Supertrend flipped down,target
HDFCBANK,LONG,63,2026-06-16 11:45:00+05:30,786.0357,2026-06-16 15:15:00+05:30,784.9145,-7064,6463,-13527,Supertrend flipped up,intraday square-off
ICICIBANK,LONG,37,2026-06-17 09:45:00+05:30,1342.9028,2026-06-17 15:15:00+05:30,1336.299,-24434,6465,-30899,Supertrend flipped up,intraday square-off
TCS,SHORT,22,2026-06-18 09:30:00+05:30,2194.3415,2026-06-18 15:15:00+05:30,2204.2611,-21823,6423,-28246,Supertrend flipped down,intraday square-off
INFY,SHORT,44,2026-06-18 09:30:00+05:30,1130.1608,2026-06-18 15:15:00+05:30,1127.6382,11100,6472,4628,Supertrend flipped down,intraday square-off
RELIANCE,SHORT,38,2026-06-19 14:30:00+05:30,1306.6079,2026-06-19 15:15:00+05:30,1310.293,-14003,6470,-20473,Supertrend flipped down,intraday square-off
HDFCBANK,SHORT,63,2026-06-19 09:30:00+05:30,781.5655,2026-06-19 15:15:00+05:30,780.234,8388,6454,1934,Supertrend flipped down,intraday square-off
TCS,SHORT,23,2026-06-23 09:30:00+05:30,2089.273,2026-06-23 11:30:00+05:30,2069.2733,45999,6411,39588,Supertrend flipped down,target
HDFCBANK,SHORT,64,2026-06-23 12:00:00+05:30,780.6157,2026-06-23 13:30:00+05:30,776.348,27313,6480,20833,Supertrend flipped down,target
ICICIBANK,SHORT,36,2026-06-23 12:30:00+05:30,1355.4932,2026-06-23 14:00:00+05:30,1348.7193,24386,6439,17947,Supertrend flipped down,target
RELIANCE,SHORT,37,2026-06-23 13:45:00+05:30,1316.6049,2026-06-23 15:00:00+05:30,1310.5696,22331,6436,15895,Supertrend flipped down,target
INFY,LONG,48,2026-06-24 09:30:00+05:30,1040.8122,2026-06-24 10:15:00+05:30,1050.1027,44595,6494,38101,Supertrend flipped up,target
TCS,LONG,24,2026-06-24 09:45:00+05:30,2077.223,2026-06-24 10:30:00+05:30,2091.2089,33566,6488,27078,Supertrend flipped up,target
HDFCBANK,LONG,63,2026-06-24 10:15:00+05:30,783.2349,2026-06-24 11:00:00+05:30,788.153,30984,6467,24517,Supertrend flipped up,target
RELIANCE,LONG,38,2026-06-24 11:15:00+05:30,1313.894,2026-06-24 13:45:00+05:30,1321.2123,27809,6488,21321,Supertrend flipped up,target
INFY,SHORT,47,2026-06-25 09:30:00+05:30,1048.4854,2026-06-25 15:15:00+05:30,1040.5121,37475,6454,31021,Supertrend flipped down,intraday square-off
RELIANCE,SHORT,38,2026-06-29 09:30:00+05:30,1310.2068,2026-06-29 11:45:00+05:30,1302.4726,29390,6473,22917,Supertrend flipped down,target
HDFCBANK,LONG,62,2026-06-29 10:45:00+05:30,805.8417,2026-06-29 15:15:00+05:30,798.6603,-44524,6468,-50992,Supertrend flipped up,intraday square-off
TCS,SHORT,24,2026-06-30 09:30:00+05:30,2063.0809,2026-06-30 09:30:00+05:30,2043.2801,47522,6462,41060,Supertrend flipped down,target
